PRAGMA foreign_keys = ON;

---------------------------------------
-- ADDITIONAL DOCTORS (3 NEW)
---------------------------------------

INSERT OR IGNORE INTO Doctor (doctor_id, name, specialty, hospital_id, password) VALUES
(17, 'Dr. Robert Thompson', 'Orthopedics', 1, 'robert_pw'),
(18, 'Dr. Sarah Martinez', 'Gastroenterology', 2, 'sarah_pw'),
(19, 'Dr. James Wilson', 'Dermatology', 3, 'james_pw');


---------------------------------------
-- ADDITIONAL CONDITIONS (8 NEW)
---------------------------------------

INSERT OR IGNORE INTO "Condition" (condition_id, name) VALUES
(7, 'Coronary Artery Disease'),
(8, 'Congestive Heart Failure'),
(9, 'Chronic Kidney Disease'),
(10, 'Osteoarthritis'),
(11, 'Depression'),
(12, 'Anxiety Disorder'),
(13, 'Gastroesophageal Reflux Disease'),
(14, 'Hypothyroidism');


---------------------------------------
-- ADDITIONAL MEDICATIONS (11 NEW)
---------------------------------------

INSERT OR IGNORE INTO Medication (medication_id, name) VALUES
(7, 'Aspirin 81mg'),
(8, 'Clopidogrel 75mg'),
(9, 'Furosemide 40mg'),
(10, 'Spironolactone 25mg'),
(11, 'Ibuprofen 400mg'),
(12, 'Naproxen 500mg'),
(13, 'Sertraline 50mg'),
(14, 'Escitalopram 10mg'),
(15, 'Alprazolam 0.5mg'),
(16, 'Omeprazole 20mg'),
(17, 'Levothyroxine 100mcg');


---------------------------------------
-- MEDICATION-CONDITION RELATIONSHIPS
---------------------------------------

INSERT OR IGNORE INTO MedicationCondition (medication_id, condition_id) VALUES
(7, 1),   -- Aspirin for Hypertension
(7, 7),   -- Aspirin for Coronary Artery Disease
(8, 7),   -- Clopidogrel for Coronary Artery Disease
(9, 8),   -- Furosemide for CHF
(10, 8),  -- Spironolactone for CHF
(1, 8),   -- Lisinopril for CHF
(1, 7),   -- Lisinopril for Coronary Artery Disease
(11, 10), -- Ibuprofen for Osteoarthritis
(12, 10), -- Naproxen for Osteoarthritis
(13, 11), -- Sertraline for Depression
(14, 11), -- Escitalopram for Depression
(15, 12), -- Alprazolam for Anxiety
(13, 12), -- Sertraline for Anxiety
(16, 13), -- Omeprazole for GERD
(17, 14); -- Levothyroxine for Hypothyroidism


---------------------------------------
-- ADDITIONAL PATIENTS (30 NEW)
---------------------------------------

INSERT OR IGNORE INTO Patient (patient_id, medical_record_number, birth_year, gender, blood_type) VALUES
(10, 'MRN-2024-1001', 1945, 'Male',   'O+'),
(11, 'MRN-2024-1002', 1988, 'Female', 'A+'),
(12, 'MRN-2024-1003', 1972, 'Male',   'B+'),
(13, 'MRN-2024-1004', 1955, 'Female', 'AB+'),
(14, 'MRN-2024-1005', 1998, 'Male',   'O-'),
(15, 'MRN-2024-1006', 1963, 'Female', 'A-'),
(16, 'MRN-2024-1007', 1980, 'Male',   'B-'),
(17, 'MRN-2024-1008', 1951, 'Female', 'O+'),
(18, 'MRN-2024-1009', 1992, 'Female', 'A+'),
(19, 'MRN-2024-1010', 1968, 'Male',   'AB-'),
(20, 'MRN-2024-1011', 1947, 'Male',   'O+'),
(21, 'MRN-2024-1012', 1985, 'Female', 'B+'),
(22, 'MRN-2024-1013', 1975, 'Male',   'A-'),
(23, 'MRN-2024-1014', 1960, 'Female', 'O-'),
(24, 'MRN-2024-1015', 2005, 'Male',   'A+'),
(25, 'MRN-2024-1016', 1958, 'Female', 'B-'),
(26, 'MRN-2024-1017', 1995, 'Male',   'AB+'),
(27, 'MRN-2024-1018', 1970, 'Female', 'O+'),
(28, 'MRN-2024-1019', 1953, 'Male',   'A+'),
(29, 'MRN-2024-1020', 1990, 'Female', 'B+'),
(30, 'MRN-2024-1021', 1965, 'Male',   'O-'),
(31, 'MRN-2024-1022', 1978, 'Female', 'A-'),
(32, 'MRN-2024-1023', 1949, 'Male',   'AB+'),
(33, 'MRN-2024-1024', 2000, 'Female', 'O+'),
(34, 'MRN-2024-1025', 1962, 'Male',   'B-'),
(35, 'MRN-2024-1026', 1987, 'Female', 'A+'),
(36, 'MRN-2024-1027', 1956, 'Male',   'O+'),
(37, 'MRN-2024-1028', 1993, 'Female', 'AB-'),
(38, 'MRN-2024-1029', 1971, 'Male',   'B+'),
(39, 'MRN-2024-1030', 1959, 'Female', 'A-');


---------------------------------------
-- MANY-TO-MANY: Patient ↔ Doctor
---------------------------------------

INSERT OR IGNORE INTO PatientDoctor (patient_id, doctor_id) VALUES
(10, 2), (10, 11), (10, 17),
(11, 6), (11, 8),
(12, 2), (12, 17),
(13, 3), (13, 11), (13, 15),
(14, 4), (14, 6),
(15, 3), (15, 11), (15, 17),
(16, 8), (16, 18),
(17, 2), (17, 11), (17, 12),
(18, 8), (18, 19),
(19, 2), (19, 11), (19, 12),
(20, 2), (20, 11), (20, 17),
(21, 3), (21, 8), (21, 15),
(22, 17), (22, 18),
(23, 3), (23, 11), (23, 17),
(24, 4), (24, 8), (24, 19),
(25, 2), (25, 11), (25, 15),
(26, 8), (26, 18),
(27, 8), (27, 18),
(28, 2), (28, 11), (28, 17),
(29, 8), (29, 18),
(30, 2), (30, 17), (30, 18),
(31, 8), (31, 17), (31, 19),
(32, 2), (32, 11), (32, 12),
(33, 8), (33, 18),
(34, 17), (34, 18),
(35, 3), (35, 15), (35, 19),
(36, 11), (36, 12), (36, 17),
(37, 8), (37, 18),
(38, 2), (38, 8), (38, 18),
(39, 11), (39, 15), (39, 17);


---------------------------------------
-- MANY-TO-MANY: Patient ↔ Hospital
---------------------------------------

INSERT OR IGNORE INTO PatientHospital (patient_id, hospital_id) VALUES
(10, 1), (10, 2),
(11, 3),
(12, 1), (12, 2),
(13, 2), (13, 4),
(14, 2),
(15, 1), (15, 4),
(16, 3),
(17, 1), (17, 2),
(18, 3),
(19, 4),
(20, 1), (20, 2),
(21, 3),
(22, 1),
(23, 2), (23, 4),
(24, 2),
(25, 4),
(26, 2),
(27, 1), (27, 3),
(28, 4),
(29, 3),
(30, 1),
(31, 2), (31, 3),
(32, 1), (32, 4),
(33, 2),
(34, 1),
(35, 3),
(36, 4),
(37, 3),
(38, 1), (38, 2),
(39, 2);


---------------------------------------
-- MANY-TO-MANY: Patient ↔ Condition
---------------------------------------

INSERT OR IGNORE INTO PatientCondition (patient_id, condition_id, diagnosis_date, doctor_id) VALUES
-- Patient 10 (79M) - elderly with multiple conditions
(10, 1, '2023-06-21', 2),   -- Hypertension
(10, 2, '2024-04-04', 11),  -- Diabetes
(10, 7, '2020-11-12', 2),   -- Coronary Artery Disease
(10, 10, '2019-05-20', 17), -- Osteoarthritis

-- Patient 11 (36F) - young adult
(11, 3, '2021-11-08', 6),   -- Asthma
(11, 12, '2023-02-14', 8),  -- Anxiety

-- Patient 12 (52M) - middle-aged
(12, 1, '2019-09-14', 2),   -- Hypertension
(12, 10, '2022-04-15', 17), -- Osteoarthritis
(12, 13, '2021-09-20', 18), -- GERD

-- Patient 13 (69F) - elderly
(13, 2, '2018-12-05', 3),   -- Diabetes
(13, 8, '2019-06-25', 2),   -- CHF
(13, 14, '2018-01-18', 15), -- Hypothyroidism

-- Patient 14 (26M) - young adult
(14, 3, '2022-10-25', 6),   -- Asthma

-- Patient 15 (61F) - senior
(15, 1, '2017-04-12', 11),  -- Hypertension
(15, 2, '2019-01-20', 3),   -- Diabetes
(15, 14, '2020-07-08', 15), -- Hypothyroidism

-- Patient 16 (44M) - middle-aged
(16, 4, '2023-03-08', 18),  -- Allergies
(16, 13, '2022-05-18', 18), -- GERD

-- Patient 17 (73F) - elderly
(17, 1, '2016-11-30', 2),   -- Hypertension
(17, 2, '2018-05-14', 11),  -- Diabetes
(17, 9, '2019-09-08', 12),  -- Chronic Kidney Disease

-- Patient 18 (32F) - young adult
(18, 11, '2023-09-08', 8),  -- Depression

-- Patient 19 (56M) - middle-aged
(19, 2, '2015-10-22', 11),  -- Diabetes
(19, 8, '2018-08-11', 2),   -- CHF
(19, 9, '2020-06-15', 12),  -- Chronic Kidney Disease

-- Patient 20 (77M) - elderly
(20, 1, '2014-06-09', 2),   -- Hypertension
(20, 7, '2017-04-22', 2),   -- Coronary Artery Disease
(20, 10, '2018-07-14', 17), -- Osteoarthritis

-- Patient 21 (39F) - young adult
(21, 4, '2022-02-17', 18),  -- Allergies
(21, 11, '2022-12-08', 8),  -- Depression
(21, 14, '2021-10-30', 15), -- Hypothyroidism

-- Patient 22 (49M) - middle-aged
(22, 1, '2020-09-30', 2),   -- Hypertension
(22, 13, '2021-06-12', 18), -- GERD

-- Patient 23 (64F) - senior
(23, 2, '2017-05-28', 3),   -- Diabetes
(23, 10, '2018-09-14', 17), -- Osteoarthritis
(23, 14, '2020-03-22', 15), -- Hypothyroidism

-- Patient 24 (19M) - young adult
(24, 3, '2024-03-02', 4),   -- Asthma

-- Patient 25 (66F) - elderly
(25, 1, '2015-01-19', 2),   -- Hypertension
(25, 8, '2019-02-28', 2),   -- CHF
(25, 14, '2020-11-06', 15), -- Hypothyroidism

-- Patient 26 (29M) - young adult
(26, 12, '2022-07-15', 8),  -- Anxiety
(26, 13, '2023-05-20', 18), -- GERD

-- Patient 27 (54F) - middle-aged
(27, 1, '2019-04-16', 2),   -- Hypertension
(27, 11, '2022-01-10', 8),  -- Depression
(27, 13, '2021-05-28', 18), -- GERD

-- Patient 28 (71M) - elderly
(28, 2, '2014-11-12', 11),  -- Diabetes
(28, 7, '2020-05-17', 2),   -- Coronary Artery Disease
(28, 10, '2019-08-22', 17), -- Osteoarthritis

-- Patient 29 (34F) - young adult
(29, 11, '2023-06-10', 8),  -- Depression
(29, 12, '2022-11-18', 8),  -- Anxiety

-- Patient 30 (59M) - middle-aged
(30, 1, '2018-03-07', 2),   -- Hypertension
(30, 7, '2019-11-07', 2),   -- Coronary Artery Disease
(30, 13, '2021-08-19', 18), -- GERD

-- Patient 31 (46F) - middle-aged
(31, 4, '2021-10-31', 18),  -- Allergies
(31, 12, '2023-01-26', 8),  -- Anxiety

-- Patient 32 (75M) - elderly
(32, 1, '2013-12-03', 2),   -- Hypertension
(32, 2, '2015-04-17', 11),  -- Diabetes
(32, 7, '2016-10-30', 2),   -- Coronary Artery Disease
(32, 9, '2018-05-12', 12),  -- Chronic Kidney Disease

-- Patient 33 (24F) - young adult
(33, 3, '2024-02-14', 4),   -- Asthma
(33, 12, '2023-04-18', 8),  -- Anxiety

-- Patient 34 (62M) - senior
(34, 1, '2019-08-22', 2),   -- Hypertension
(34, 10, '2022-06-23', 17), -- Osteoarthritis
(34, 13, '2021-03-15', 18), -- GERD

-- Patient 35 (37F) - young adult
(35, 4, '2022-09-18', 18),  -- Allergies
(35, 14, '2022-07-09', 15), -- Hypothyroidism

-- Patient 36 (68M) - elderly
(36, 2, '2014-05-30', 11),  -- Diabetes
(36, 9, '2017-12-08', 12),  -- Chronic Kidney Disease
(36, 10, '2019-05-17', 17), -- Osteoarthritis

-- Patient 37 (31F) - young adult
(37, 3, '2023-06-24', 6),   -- Asthma
(37, 12, '2022-10-05', 8),  -- Anxiety

-- Patient 38 (53M) - middle-aged
(38, 1, '2018-12-15', 2),   -- Hypertension
(38, 13, '2021-04-06', 18), -- GERD

-- Patient 39 (65F) - senior
(39, 2, '2015-09-05', 11),  -- Diabetes
(39, 10, '2018-06-14', 17), -- Osteoarthritis
(39, 14, '2017-02-28', 15); -- Hypothyroidism


---------------------------------------
-- MANY-TO-MANY: Patient ↔ Medication
---------------------------------------

INSERT OR IGNORE INTO PatientMedication (patient_id, medication_id, prescription_date, doctor_id) VALUES
(10, 1, '2023-09-08', 2),   (10, 2, '2024-07-16', 11),  (10, 7, '2020-12-01', 2),   (10, 11, '2019-06-15', 17),
(11, 3, '2022-02-14', 6),   (11, 15, '2023-03-20', 8),
(12, 1, '2020-11-19', 2),   (12, 11, '2022-05-22', 17), (12, 16, '2021-10-08', 18),
(13, 2, '2019-03-21', 3),   (13, 9, '2019-07-20', 2),   (13, 17, '2018-02-10', 15),
(14, 3, '2023-06-15', 6),
(15, 1, '2018-01-09', 11),  (15, 2, '2019-09-22', 3),   (15, 17, '2020-08-15', 15),
(16, 4, '2023-11-04', 18),  (16, 16, '2022-06-25', 18),
(17, 1, '2017-05-18', 2),   (17, 2, '2019-02-06', 11),
(18, 13, '2023-10-15', 8),
(19, 2, '2016-07-30', 11),  (19, 9, '2018-09-18', 2),
(20, 1, '2015-03-14', 2),   (20, 7, '2017-05-15', 2),   (20, 11, '2018-08-20', 17),
(21, 4, '2022-08-29', 18),  (21, 13, '2022-12-28', 8),  (21, 17, '2021-11-25', 15),
(22, 1, '2021-05-06', 2),   (22, 16, '2021-07-18', 18),
(23, 2, '2018-02-22', 3),   (23, 11, '2018-10-22', 17), (23, 17, '2020-04-18', 15),
(24, 3, '2024-08-03', 4),
(25, 1, '2015-10-11', 2),   (25, 9, '2019-03-22', 2),   (25, 17, '2020-12-10', 15),
(26, 15, '2022-08-20', 8),  (26, 16, '2023-06-15', 18),
(27, 1, '2020-01-28', 2),   (27, 13, '2022-02-05', 8),  (27, 16, '2021-06-20', 18),
(28, 2, '2015-08-05', 11),  (28, 7, '2020-06-25', 2),   (28, 11, '2019-09-18', 17),
(29, 13, '2023-07-22', 8),  (29, 15, '2022-12-10', 8),
(30, 1, '2019-01-15', 2),   (30, 7, '2019-12-15', 2),   (30, 16, '2021-09-10', 18),
(31, 4, '2022-04-12', 18),  (31, 15, '2023-02-20', 8),
(32, 1, '2014-06-25', 2),   (32, 2, '2016-02-08', 11),  (32, 7, '2016-11-20', 2),
(33, 3, '2024-07-27', 4),   (33, 15, '2023-05-25', 8),
(34, 1, '2020-10-19', 2),   (34, 11, '2022-07-18', 17), (34, 16, '2021-04-22', 18),
(35, 4, '2023-05-22', 18),  (35, 17, '2022-08-15', 15),
(36, 2, '2015-04-16', 11),  (36, 11, '2019-06-25', 17),
(37, 3, '2024-01-31', 6),   (37, 15, '2022-11-10', 8),
(38, 1, '2019-06-20', 2),   (38, 16, '2021-05-12', 18),
(39, 2, '2016-07-18', 11),  (39, 11, '2018-07-20', 17), (39, 17, '2017-03-25', 15);


---------------------------------------
-- MANY-TO-MANY: Patient ↔ Vaccine
---------------------------------------

INSERT OR IGNORE INTO PatientImmunization (patient_id, vaccine_id, admin_date) VALUES
(10, 1, '2023-03-13'), (10, 2, '2023-11-25'), (10, 4, '2024-03-05'),
(11, 1, '2024-01-20'), (11, 2, '2023-10-15'), (11, 5, '2022-06-08'),
(12, 1, '2023-05-17'), (12, 2, '2023-09-22'), (12, 3, '2022-02-11'),
(13, 1, '2023-07-09'), (13, 2, '2023-11-30'), (13, 4, '2024-04-18'),
(14, 1, '2024-02-25'), (14, 2, '2023-10-08'), (14, 3, '2022-05-14'),
(15, 1, '2023-04-12'), (15, 2, '2023-10-27'), (15, 3, '2022-08-19'), (15, 4, '2024-01-06'),
(16, 1, '2024-03-22'), (16, 2, '2023-11-09'),
(17, 1, '2023-06-15'), (17, 2, '2023-09-28'), (17, 4, '2024-02-14'),
(18, 1, '2024-01-08'), (18, 2, '2023-10-19'), (18, 5, '2022-07-23'),
(19, 1, '2023-08-04'), (19, 2, '2023-11-16'), (19, 3, '2022-04-30'),
(20, 1, '2023-05-29'), (20, 2, '2023-09-14'), (20, 4, '2024-03-21'),
(21, 1, '2024-02-10'), (21, 2, '2023-10-25'),
(22, 1, '2023-07-18'), (22, 2, '2023-11-02'), (22, 3, '2022-06-15'),
(23, 1, '2023-04-26'), (23, 2, '2023-10-11'), (23, 4, '2024-01-19'),
(24, 1, '2024-03-14'), (24, 2, '2023-11-28'), (24, 3, '2022-09-05'), (24, 5, '2021-12-20'),
(25, 1, '2023-06-07'), (25, 2, '2023-09-21'), (25, 4, '2024-02-28'),
(26, 1, '2024-01-16'), (26, 2, '2023-10-30'),
(27, 1, '2023-08-23'), (27, 2, '2023-11-06'), (27, 3, '2022-05-19'),
(28, 1, '2023-05-11'), (28, 2, '2023-09-26'), (28, 4, '2024-03-09'),
(29, 1, '2024-02-18'), (29, 2, '2023-10-03'), (29, 5, '2022-08-27'),
(30, 1, '2023-07-25'), (30, 2, '2023-11-12'), (30, 3, '2022-04-06'),
(31, 1, '2024-03-30'), (31, 2, '2023-11-19'),
(32, 1, '2023-06-22'), (32, 2, '2023-10-05'), (32, 4, '2024-01-27'),
(33, 1, '2024-02-03'), (33, 2, '2023-10-16'), (33, 5, '2022-07-09'),
(34, 1, '2023-08-12'), (34, 2, '2023-11-24'), (34, 3, '2022-06-01'),
(35, 1, '2024-01-25'), (35, 2, '2023-10-09'),
(36, 1, '2023-05-19'), (36, 2, '2023-09-04'), (36, 4, '2024-02-16'),
(37, 1, '2024-03-07'), (37, 2, '2023-11-21'), (37, 5, '2022-08-14'),
(38, 1, '2023-07-02'), (38, 2, '2023-10-17'), (38, 3, '2022-03-25'),
(39, 1, '2023-04-14'), (39, 2, '2023-09-29'), (39, 4, '2024-01-11');